"Time (s)","Latitude (°)","Longitude (°)","Height (m)","Velocity (m/s)","Direction (°)","Horizontal Accuracy (m)","Vertical Accuracy (m)"
2.030820156E0,5.205584827E1,4.348821280E0,4.688590174E0,0.000000000E0,NaN,3.790092468E0,2.500000000E0
2.617465884E0,5.205584828E1,4.348821280E0,4.688651223E0,0.000000000E0,NaN,3.790092468E0,2.500000000E0
3.617205468E0,5.205585003E1,4.348810850E0,4.191697961E0,2.500000000E-1,2.153999939E2,3.790092468E0,2.500000000E0
4.617134009E0,5.205585284E1,4.348804500E0,3.272873958E0,0.000000000E0,NaN,3.790092468E0,2.500000000E0
5.617635415E0,5.205585538E1,4.348809730E0,2.703178823E0,0.000000000E0,NaN,3.790092468E0,2.500000000E0
6.616949945E0,5.205585466E1,4.348811510E0,2.761101488E0,0.000000000E0,NaN,3.790092468E0,2.500000000E0
7.617109841E0,5.205585591E1,4.348812930E0,2.798274540E0,0.000000000E0,NaN,3.790092468E0,2.500000000E0
8.617373226E0,5.205585578E1,4.348811360E0,2.703241529E0,0.000000000E0,NaN,3.790092468E0,2.500000000E0
9.617009684E0,5.205585548E1,4.348811580E0,2.638177812E0,0.000000000E0,NaN,3.790092468E0,2.500000000E0
1.061775234E1,5.205585544E1,4.348811860E0,2.646478737E0,0.000000000E0,NaN,3.790092468E0,2.500000000E0
1.161753770E1,5.205585556E1,4.348812000E0,2.648981434E0,0.000000000E0,NaN,3.790092468E0,2.500000000E0
1.261742598E1,5.205585515E1,4.348813840E0,2.716731210E0,0.000000000E0,NaN,3.939155817E0,2.500000000E0
1.361733156E1,5.205585497E1,4.348812810E0,2.715631618E0,0.000000000E0,NaN,4.975572109E0,2.767312765E0
1.461753640E1,5.205585503E1,4.348811870E0,2.679559259E0,0.000000000E0,NaN,6.184401035E0,2.889977694E0
1.561761322E1,5.205585513E1,4.348811530E0,2.663506906E0,0.000000000E0,NaN,7.221913815E0,3.177854061E0
1.661745536E1,5.205585537E1,4.348809870E0,2.649040724E0,0.000000000E0,NaN,7.355287075E0,3.281652451E0
1.761727739E1,5.205585521E1,4.348810140E0,2.687004571E0,0.000000000E0,NaN,7.734842777E0,3.248604774E0
1.861721900E1,5.205585513E1,4.348810640E0,2.630913508E0,0.000000000E0,NaN,8.724922180E0,3.412662029E0
1.961701041E1,5.205585430E1,4.348811970E0,2.713799092E0,0.000000000E0,NaN,1.019931412E1,3.661748648E0
2.061780905E1,5.205585408E1,4.348811090E0,2.655326505E0,0.000000000E0,NaN,1.040930557E1,3.559189558E0
2.161769494E1,5.205585395E1,4.348810020E0,2.614493063E0,0.000000000E0,NaN,1.161673737E1,3.694887638E0
2.261750244E1,5.205585414E1,4.348809180E0,2.547842333E0,0.000000000E0,NaN,1.185011196E1,3.588997126E0
2.361750707E1,5.205585476E1,4.348809620E0,2.514029981E0,0.000000000E0,NaN,8.659917831E0,3.631266832E0
2.461745687E1,5.205585524E1,4.348811990E0,2.544000538E0,0.000000000E0,NaN,7.949124813E0,3.579481125E0
2.561732504E1,5.205585641E1,4.348808680E0,2.660821042E0,0.000000000E0,NaN,6.136849880E0,3.518527508E0
2.661713077E1,5.205585640E1,4.348806430E0,2.581778922E0,0.000000000E0,NaN,5.660511017E0,3.573037148E0
2.761694801E1,5.205585498E1,4.348803080E0,2.626574507E0,0.000000000E0,NaN,4.633002281E0,3.563187122E0
2.861779207E1,5.205585540E1,4.348802980E0,2.549182411E0,0.000000000E0,NaN,4.636847019E0,3.689558268E0
2.961782843E1,5.205585503E1,4.348803100E0,2.611254763E0,0.000000000E0,NaN,4.345512390E0,3.480000019E0
3.061682952E1,5.205585385E1,4.348808270E0,2.524953129E0,0.000000000E0,NaN,4.648727417E0,4.044407845E0
3.161764968E1,5.205585426E1,4.348811400E0,2.535575983E0,0.000000000E0,NaN,4.650365353E0,4.221412182E0
3.261758801E1,5.205585540E1,4.348806930E0,2.883352665E0,0.000000000E0,NaN,4.707693100E0,4.467676163E0
3.361779884E1,5.205585695E1,4.348805600E0,2.955802501E0,0.000000000E0,NaN,4.851827621E0,4.769964695E0
3.461710144E1,5.205585615E1,4.348804640E0,2.982228997E0,0.000000000E0,NaN,4.674099445E0,4.651337624E0
3.561693415E1,5.205585564E1,4.348805540E0,3.034597122E0,0.000000000E0,NaN,4.482053757E0,4.486153126E0
3.661764780E1,5.205585380E1,4.348808520E0,3.194508902E0,0.000000000E0,NaN,4.366166592E0,4.358496189E0
3.761682618E1,5.205585330E1,4.348807560E0,3.235340090E0,0.000000000E0,NaN,4.299077511E0,4.289155960E0
3.861780978E1,5.205585279E1,4.348809330E0,3.243946619E0,0.000000000E0,NaN,4.206849575E0,4.239137650E0
3.961782431E1,5.205585121E1,4.348806410E0,3.225570908E0,0.000000000E0,NaN,4.206645489E0,4.317177773E0
4.061770629E1,5.205585193E1,4.348808560E0,3.397814576E0,0.000000000E0,NaN,4.178656578E0,4.323686123E0
4.161759113E1,5.205585113E1,4.348808620E0,3.529832608E0,0.000000000E0,NaN,4.205342293E0,4.452253819E0
4.261750967E1,5.205585093E1,4.348808060E0,3.371506757E0,0.000000000E0,NaN,4.116391659E0,4.350016117E0
4.361776436E1,5.205584969E1,4.348811820E0,3.416063429E0,0.000000000E0,NaN,3.975541115E0,4.143193722E0
4.461739358E1,5.205585022E1,4.348807710E0,3.436446983E0,0.000000000E0,NaN,3.790092468E0,3.894784212E0
4.561731384E1,5.205585109E1,4.348809860E0,3.520922293E0,0.000000000E0,NaN,3.790092468E0,3.865354061E0
4.661751488E1,5.205584984E1,4.348806430E0,3.399763456E0,0.000000000E0,NaN,3.790092468E0,3.679430246E0
4.761736134E1,5.205585013E1,4.348811440E0,3.586290792E0,0.000000000E0,NaN,3.790092468E0,3.553905249E0
4.861722212E1,5.205584838E1,4.348816490E0,3.604846722E0,0.000000000E0,NaN,3.790092468E0,3.535058022E0
4.961703316E1,5.205584993E1,4.348815310E0,3.552296663E0,0.000000000E0,NaN,3.790092468E0,3.484965324E0
5.061676910E1,5.205585012E1,4.348814800E0,3.598988450E0,0.000000000E0,NaN,3.790092468E0,3.700575113E0
5.161754498E1,5.205585052E1,4.348816470E0,3.490042395E0,0.000000000E0,NaN,3.790092468E0,3.600161791E0
5.261746586E1,5.205585119E1,4.348818040E0,3.486992621E0,0.000000000E0,NaN,3.790092468E0,3.489443064E0
5.361749498E1,5.205585095E1,4.348822660E0,3.811153263E0,0.000000000E0,NaN,3.790092468E0,3.533073902E0
5.461771253E1,5.205585215E1,4.348828240E0,4.061769111E0,0.000000000E0,NaN,3.790092468E0,3.691115141E0
5.561763873E1,5.205585394E1,4.348828070E0,4.154361679E0,0.000000000E0,NaN,3.790092468E0,3.767956018E0
5.661764753E1,5.205585632E1,4.348829080E0,3.814765909E0,0.000000000E0,NaN,3.790092468E0,3.755252361E0
5.761690201E1,5.205585671E1,4.348826730E0,3.890265261E0,0.000000000E0,NaN,3.790092468E0,4.005823135E0
5.861777576E1,5.205585504E1,4.348822630E0,4.024537529E0,0.000000000E0,NaN,3.790092468E0,4.081159115E0
5.961773086E1,5.205585455E1,4.348825330E0,4.015505577E0,0.000000000E0,NaN,3.790092468E0,4.226209164E0
6.061766800E1,5.205585359E1,4.348821960E0,4.255064936E0,0.000000000E0,NaN,3.811091423E0,4.169405460E0
6.161758841E1,5.205585511E1,4.348823950E0,4.529299290E0,0.000000000E0,NaN,3.790092468E0,4.004748344E0
6.261750748E1,5.205585359E1,4.348827720E0,4.350161754E0,0.000000000E0,NaN,3.790092468E0,4.380511284E0
6.361742274E1,5.205585511E1,4.348831080E0,4.546455175E0,0.000000000E0,NaN,3.790092468E0,4.164662838E0
6.461757180E1,5.205585522E1,4.348833620E0,4.656625560E0,0.000000000E0,NaN,9.935046196E0,4.279202461E0
6.561751821E1,5.205585677E1,4.348835090E0,4.608288787E0,0.000000000E0,NaN,9.935046196E0,4.204762936E0
6.661752862E1,5.205585879E1,4.348832840E0,4.598219064E0,0.000000000E0,NaN,9.968410492E0,4.262943745E0
6.761751060E1,5.205585625E1,4.348831090E0,4.632455217E0,0.000000000E0,NaN,1.015335941E1,4.435124874E0
6.861748445E1,5.205585544E1,4.348837410E0,4.694104096E0,0.000000000E0,NaN,1.022255898E1,4.395797729E0
6.961742747E1,5.205585637E1,4.348839300E0,4.310439654E0,0.000000000E0,NaN,1.033742142E1,4.384888649E0
7.061748476E1,5.205585210E1,4.348836400E0,4.452033563E0,0.000000000E0,NaN,1.056988907E1,4.455452919E0
7.161735430E1,5.205585355E1,4.348836650E0,4.288949708E0,0.000000000E0,NaN,1.082189274E1,4.559156895E0
7.261723680E1,5.205585573E1,4.348839710E0,4.197951307E0,0.000000000E0,NaN,1.074682808E1,4.458374023E0
7.361711487E1,5.205585692E1,4.348841700E0,4.444475266E0,0.000000000E0,NaN,1.048955441E1,4.208634377E0
7.461733805E1,5.205585786E1,4.348839990E0,4.209306845E0,0.000000000E0,NaN,1.047560596E1,4.186956406E0
7.561696258E1,5.205586044E1,4.348843200E0,4.383812004E0,0.000000000E0,NaN,1.025955868E1,4.041488647E0
7.661683226E1,5.205586143E1,4.348844440E0,4.746301970E0,0.000000000E0,NaN,1.008997059E1,3.884492636E0
7.761773768E1,5.205586101E1,4.348838930E0,5.031331729E0,0.000000000E0,NaN,1.043706226E1,3.979610920E0
7.861760664E1,5.205586410E1,4.348839950E0,5.515589441E0,0.000000000E0,NaN,1.055013371E1,4.076987267E0
7.961776836E1,5.205586700E1,4.348843900E0,5.223054525E0,0.000000000E0,NaN,1.066362095E1,4.290891647E0
8.061775190E1,5.205586734E1,4.348846070E0,5.305881203E0,0.000000000E0,NaN,1.074557877E1,4.552718163E0
8.161777195E1,5.205586730E1,4.348839830E0,5.468413391E0,0.000000000E0,NaN,1.049629593E1,4.500072956E0
8.261774888E1,5.205586849E1,4.348847670E0,5.250891163E0,0.000000000E0,NaN,1.053574753E1,4.636191368E0
8.361762887E1,5.205586923E1,4.348853030E0,4.377177638E0,0.000000000E0,NaN,1.047086811E1,4.497525215E0
8.461700664E1,5.205586843E1,4.348859950E0,2.920333299E0,0.000000000E0,NaN,9.935046196E0,4.163517475E0
8.561780856E1,5.205586600E1,4.348855210E0,3.600075310E0,0.000000000E0,NaN,9.935046196E0,3.901908398E0
8.661775356E1,5.205586204E1,4.348852460E0,4.269990044E0,0.000000000E0,NaN,9.935046196E0,3.588639259E0
8.761689434E1,5.205585550E1,4.348847620E0,4.948750014E0,4.600000083E-1,1.800000000E2,9.935046196E0,3.527097225E0
8.861682241E1,5.205584588E1,4.348830540E0,5.623652125E0,6.200000048E-1,2.050000000E2,9.935046196E0,3.738317490E0
8.961697445E1,5.205583815E1,4.348818360E0,5.186804790E0,6.000000238E-1,2.158999939E2,9.935046196E0,3.951778889E0
9.061696174E1,5.205583088E1,4.348802870E0,5.705583179E0,8.199999928E-1,2.308000031E2,9.935046196E0,4.098848820E0
9.161689236E1,5.205582213E1,4.348788950E0,4.507746953E0,8.600000143E-1,2.293000031E2,9.935046196E0,4.045518398E0
9.261695606E1,5.205581605E1,4.348773040E0,5.005957765E0,7.900000215E-1,2.466000061E2,9.935046196E0,3.990053177E0
9.361700804E1,5.205581631E1,4.348759670E0,4.591031729E0,8.799999952E-1,2.652999878E2,9.935046196E0,3.998972893E0
9.461704069E1,5.205581858E1,4.348743620E0,5.408040050E0,8.700000048E-1,2.732000122E2,9.935046196E0,3.936952591E0
9.561706653E1,5.205582896E1,4.348725290E0,4.665914373E0,1.429999948E0,3.045000000E2,9.935046196E0,3.891083241E0
9.661713845E1,5.205583756E1,4.348707600E0,3.959309265E0,1.269999981E0,2.985000000E2,9.935046196E0,3.688963890E0
9.761754340E1,5.205584377E1,4.348692270E0,3.956376986E0,7.500000000E-1,2.945000000E2,9.935046196E0,3.822237015E0
9.861760262E1,5.205585514E1,4.348682670E0,2.402002881E0,1.419999957E0,3.382000122E2,9.935046196E0,3.721851110E0
9.961742475E1,5.205586596E1,4.348680250E0,2.093604773E0,8.899999857E-1,3.532000122E2,9.935046196E0,3.738906860E0
1.006174696E2,5.205587694E1,4.348683650E0,2.803155297E0,1.110000014E0,1.039999962E1,9.935046196E0,3.556101561E0
1.016176280E2,5.205588461E1,4.348689840E0,2.914070613E0,8.899999857E-1,2.710000038E1,9.978858948E0,3.491157055E0
1.026176416E2,5.205588641E1,4.348714500E0,3.591946739E0,2.109999895E0,7.580000305E1,1.011118317E1,3.421823502E0
1.036169331E2,5.205588222E1,4.348748210E0,3.989242724E0,2.170000076E0,9.469999695E1,1.016111660E1,3.353811026E0
1.046168170E2,5.205587489E1,4.348788060E0,3.961856271E0,2.650000095E0,9.830000305E1,1.022009182E1,3.274819613E0
1.056168220E2,5.205584653E1,4.348832290E0,1.996151767E0,3.829999924E0,1.260000000E2,1.000852585E1,3.240618944E0
1.066178264E2,5.205582134E1,4.348856880E0,2.286174950E0,2.359999895E0,1.540000000E2,1.000230694E1,3.335406303E0
1.076177435E2,5.205580110E1,4.348853670E0,2.222913646E0,1.320000052E0,1.821000061E2,1.001112175E1,3.537816525E0
1.086168813E2,5.205578961E1,4.348734350E0,2.531103337E0,6.409999847E0,2.717999878E2,9.935046196E0,3.480082035E0
1.096168219E2,5.205581177E1,4.348662890E0,2.702591115E0,6.170000076E0,2.910000000E2,9.935046196E0,3.623684168E0
1.106177756E2,5.205582219E1,4.348646640E0,2.785601228E0,2.150000095E0,2.907000122E2,9.935046196E0,3.591110945E0
1.116169945E2,5.205583190E1,4.348684700E0,4.861812597E0,1.960000038E0,3.579999924E1,9.935046196E0,3.668426037E0
1.126173844E2,5.205583008E1,4.348780420E0,5.499389608E0,4.420000076E0,7.969999695E1,9.953838348E0,3.784677982E0
1.136174713E2,5.205583399E1,4.348831300E0,5.773173148E0,3.599999905E0,8.700000000E1,1.002053356E1,3.860399961E0
1.146175307E2,5.205583626E1,4.348817100E0,6.153110013E0,3.100000024E-1,2.967999878E2,1.013313103E1,3.976918459E0
1.156176882E2,5.205578854E1,4.348763180E0,6.791376075E0,5.059999943E0,2.216999969E2,1.012476063E1,3.995459318E0
1.166178404E2,5.205573974E1,4.348717920E0,7.870686835E0,6.039999962E0,2.165000000E2,1.003944492E1,3.972876310E0
1.176172473E2,5.205572348E1,4.348685320E0,8.003699198E0,3.640000105E0,2.168000031E2,1.009485626E1,4.107834816E0
1.186173129E2,5.205577611E1,4.348699180E0,8.335931491E0,4.650000095E0,7.800000191E0,1.015707493E1,4.232073784E0
1.196173705E2,5.205583840E1,4.348712960E0,9.307763840E0,6.539999962E0,5.900000095E0,1.012166595E1,4.234160423E0
1.206175134E2,5.205586334E1,4.348743090E0,7.715410578E0,4.000000000E0,2.320000076E1,1.019757175E1,4.427001953E0
1.216169914E2,5.205587751E1,4.348776760E0,9.786436746E0,1.779999971E0,7.750000000E1,1.023110294E1,4.509487152E0
1.226174842E2,5.205581920E1,4.348819180E0,9.608289223E0,6.150000095E0,1.491999969E2,1.012123871E1,4.416109085E0
1.236173974E2,5.205578565E1,4.348863850E0,9.264953688E0,5.449999809E0,1.553000031E2,1.003975964E1,4.172450542E0
1.246173688E2,5.205576179E1,4.348871390E0,8.892857277E0,3.119999886E0,1.636000061E2,9.979731560E0,3.927537918E0
1.256176785E2,5.205578061E1,4.348827200E0,9.531522890E0,3.420000076E0,2.982000122E2,9.935046196E0,3.673495293E0
1.266174443E2,5.205582767E1,4.348708710E0,8.916267247E0,8.609999657E0,2.985000000E2,9.935046196E0,3.594969273E0
1.276174277E2,5.205584346E1,4.348630030E0,9.806674680E0,5.969999790E0,2.958999939E2,9.935046196E0,3.754846334E0
1.286173471E2,5.205585579E1,4.348603530E0,9.346467220E0,3.400000095E0,2.996000061E2,1.019221020E1,3.858263731E0
1.296172714E2,5.205588436E1,4.348720990E0,9.570830434E0,4.630000114E0,6.309999847E1,1.016346550E1,3.915641069E0
1.306172394E2,5.205590820E1,4.348741690E0,1.021082994E1,2.720000029E0,3.500000000E1,1.050699234E1,4.018516541E0
1.316171995E2,5.205590665E1,4.348825020E0,1.079487078E1,3.390000105E0,7.719999695E1,1.017488194E1,3.928787470E0
1.326172096E2,5.205586594E1,4.348781830E0,1.012297293E1,3.500000000E0,2.110000000E2,1.013383007E1,4.098472118E0
1.336170041E2,5.205580224E1,4.348737220E0,1.011004043E1,7.869999886E0,2.071999969E2,1.005696583E1,4.020411491E0
1.346177402E2,5.205574302E1,4.348732740E0,1.211313320E1,6.469999790E0,1.938000031E2,1.006639957E1,4.152434349E0
1.356174896E2,5.205575854E1,4.348729880E0,1.203661352E1,2.230000019E0,3.231000061E2,1.008365154E1,4.160844803E0
1.366172807E2,5.205578750E1,4.348700550E0,1.299195330E1,5.159999847E0,3.293999939E2,1.008783436E1,4.204109192E0
1.376169435E2,5.205586263E1,4.348647240E0,1.562592585E1,8.510000229E0,3.385000000E2,1.003289890E1,4.136620998E0
1.386178034E2,5.205590288E1,4.348616100E0,1.500669425E1,5.630000114E0,3.430000000E2,1.019805050E1,4.195213795E0
1.396168143E2,5.205587912E1,4.348677790E0,1.434539038E1,2.970000029E0,1.125000000E2,1.012367058E1,4.086412907E0
1.406175823E2,5.205587291E1,4.348829820E0,1.504836980E1,9.159999847E0,9.759999847E1,1.004014397E1,3.994771004E0
1.416175045E2,5.205584313E1,4.348892440E0,1.667606013E1,7.420000076E0,1.208000031E2,9.946826935E0,3.940173626E0
1.426176079E2,5.205583945E1,4.348872920E0,1.446406648E1,1.379999995E0,1.145000000E2,1.002744484E1,3.886615753E0
1.436175855E2,5.205580595E1,4.348793710E0,1.145645948E1,5.340000153E0,2.385000000E2,9.991312981E0,3.747682571E0
1.446175566E2,5.205577626E1,4.348657970E0,1.202108342E1,9.039999962E0,2.587999878E2,9.991871834E0,3.793930292E0
1.456173686E2,5.205579852E1,4.348622840E0,1.064828531E1,3.039999962E0,2.962999878E2,1.008275604E1,4.018596172E0
1.466174450E2,5.205579700E1,4.348572790E0,1.064244984E1,3.420000076E0,2.752000122E2,1.015467167E1,4.112485409E0
1.476175459E2,5.205580660E1,4.348559160E0,1.084106130E1,2.549999952E0,2.902000122E2,1.034296703E1,3.978217840E0
1.486174643E2,5.205589145E1,4.348682360E0,1.318684047E1,8.970000267E0,4.120000076E1,1.015018368E1,4.023171902E0
1.496175504E2,5.205590348E1,4.348690480E0,1.268728925E1,1.629999995E0,5.159999847E1,1.023909378E1,4.095626354E0
1.506175834E2,5.205588211E1,4.348717530E0,1.379866928E1,2.509999990E0,1.428999939E2,1.041101456E1,4.226426125E0
1.516175189E2,5.205585565E1,4.348705260E0,1.445072547E1,2.220000029E0,1.905000000E2,1.068315601E1,4.266723156E0
1.526175892E2,5.205584105E1,4.348715130E0,1.445260528E1,1.669999957E0,3.290000153E1,1.121696949E1,4.352877140E0
1.536173855E2,5.205582676E1,4.348720210E0,1.444441133E1,1.669999957E0,1.671999969E2,1.210449123E1,4.503450871E0
1.546174213E2,5.205581811E1,4.348727540E0,1.471656086E1,1.549999952E0,1.663999939E2,1.304199696E1,4.569750309E0
1.556173225E2,5.205580410E1,4.348729480E0,1.426537191E1,1.379999995E0,1.668000031E2,1.421118450E1,4.725464344E0
1.566177428E2,5.205579747E1,4.348721780E0,1.417374401E1,1.110000014E0,1.733000031E2,1.546210289E1,4.909070969E0
1.576175046E2,5.205579301E1,4.348741160E0,1.418174736E1,1.330000043E0,1.448999939E2,1.806845093E1,5.239828110E0
1.586177275E2,5.205578957E1,4.348748670E0,1.384214849E1,7.900000215E-1,1.348000031E2,1.893080521E1,5.506140709E0
1.596171530E2,5.205578736E1,4.348755230E0,1.387590263E1,8.500000238E-1,1.381000061E2,2.157742119E1,5.772998333E0
1.606177784E2,5.205578427E1,4.348753200E0,1.398234245E1,8.399999738E-1,1.508999939E2,2.452610016E1,5.976093769E0
1.616178141E2,5.205576368E1,4.348763110E0,1.395925103E1,1.480000019E0,1.553000031E2,2.591419220E1,6.089590549E0
1.626177532E2,5.205575021E1,4.348761830E0,1.396826562E1,1.250000000E0,1.603000031E2,2.697856903E1,6.109743118E0
1.636173012E2,5.205571990E1,4.348719220E0,1.410454836E1,2.400000095E0,2.041999969E2,2.156663513E1,6.029946327E0
1.646173846E2,5.205594373E1,4.348529980E0,1.257284964E1,4.739999771E0,3.428999939E2,1.462906456E1,5.522711277E0
1.656172398E2,5.205596683E1,4.348528960E0,1.323822356E1,2.200000048E0,3.367999878E2,1.390940762E1,5.233992100E0
1.666173380E2,5.205595884E1,4.348541680E0,1.357971367E1,1.970000029E0,3.575000000E2,1.282440758E1,5.118566990E0
1.676173948E2,5.205593398E1,4.348590480E0,1.333923671E1,8.299999833E-1,7.580000305E1,1.175877857E1,5.125612736E0
1.686174110E2,5.205582370E1,4.348716140E0,1.156787857E1,5.900000095E0,1.661000061E2,1.131137085E1,4.987258911E0
1.696173775E2,5.205577901E1,4.348717750E0,1.265949571E1,6.309999943E0,1.921999969E2,1.115760517E1,4.933895111E0
1.706171582E2,5.205574087E1,4.348702750E0,1.206843158E1,5.079999924E0,1.881000061E2,1.143982029E1,4.996547699E0
1.716172161E2,5.205569491E1,4.348689080E0,1.188055634E1,5.159999847E0,1.891000061E2,1.203520775E1,5.079731464E0
1.726171629E2,5.205571282E1,4.348656320E0,1.243072780E1,1.450000048E0,2.225000000E2,1.245722198E1,5.006130219E0
1.736169822E2,5.205569992E1,4.348628520E0,1.249923380E1,2.390000105E0,2.185000000E2,1.289754868E1,4.908097744E0
1.746174690E2,5.205580203E1,4.348701190E0,1.362753195E1,3.589999914E0,2.300000000E1,1.239796638E1,5.009533882E0
1.756173335E2,5.205577421E1,4.348834360E0,1.333400973E1,5.360000134E0,9.909999847E1,1.220421505E1,4.883650780E0
1.766172071E2,5.205578593E1,4.348893930E0,1.341896687E1,4.190000057E0,8.940000153E1,1.238207626E1,4.985116482E0
1.776176275E2,5.205579708E1,4.348914390E0,1.331902032E1,3.769999981E0,1.004000015E2,1.217667961E1,5.100460529E0
1.786176146E2,5.205577458E1,4.348863620E0,1.309458984E1,7.599999905E-1,9.919999695E1,1.208301830E1,5.051646233E0
1.796174070E2,5.205580449E1,4.348873190E0,1.394723601E1,6.299999952E-1,7.440000153E1,1.253696918E1,5.373616695E0
1.806175161E2,5.205576516E1,4.348806530E0,1.392308961E1,8.600000143E-1,2.215000000E2,1.295092487E1,5.723948956E0
1.816177479E2,5.205575857E1,4.348797500E0,1.393760097E1,8.600000143E-1,2.213000031E2,1.377275944E1,6.055265903E0
1.826169472E2,5.205578439E1,4.348807590E0,1.416829388E1,5.600000024E-1,3.472999878E2,1.448134232E1,6.305424213E0
1.836161068E2,5.205584005E1,4.348845960E0,1.376592823E1,4.369999886E0,2.439999962E1,1.379596329E1,5.947267056E0
1.846164669E2,5.205587802E1,4.348886320E0,1.386311345E1,1.840000033E0,3.900000000E1,1.271409893E1,5.799265862E0
1.856164658E2,5.205587732E1,4.348935820E0,1.446428254E1,3.490000010E0,1.080000000E2,1.228419685E1,5.744978905E0
1.866164031E2,5.205581845E1,4.348960440E0,1.353343623E1,6.150000095E0,1.641999969E2,1.192017078E1,5.695802689E0
1.876162393E2,5.205580222E1,4.348900770E0,1.348314106E1,4.260000229E0,2.055000000E2,1.130872631E1,5.644486427E0
1.886161018E2,5.205580279E1,4.348860480E0,1.228212475E1,3.170000076E0,2.678999939E2,1.117363453E1,5.657864094E0
1.896160502E2,5.205581091E1,4.348783270E0,1.121225701E1,4.969999790E0,3.065000000E2,1.100957108E1,5.616518021E0
1.906159904E2,5.205589568E1,4.348711740E0,1.284543600E1,7.190000057E0,3.317000122E2,1.073807240E1,5.583228588E0
1.916160839E2,5.205593562E1,4.348651950E0,1.294444560E1,4.590000153E0,3.270000000E2,1.067811394E1,5.543641090E0
1.926160486E2,5.205596323E1,4.348633190E0,1.475049903E1,3.069999933E0,3.283999939E2,1.099000359E1,5.732395172E0
1.936161230E2,5.205592283E1,4.348719430E0,1.418049909E1,3.730000019E0,1.176999969E2,1.118969536E1,5.968292236E0
1.946160836E2,5.205588532E1,4.348777550E0,1.449042707E1,3.970000029E0,1.224000015E2,1.125928593E1,6.199303150E0
1.956163891E2,5.205587323E1,4.348773490E0,1.430644835E1,0.000000000E0,NaN,1.115445805E1,6.140306473E0
1.966164520E2,5.205587204E1,4.348660330E0,1.438437027E1,5.449999809E0,2.751000061E2,1.100394344E1,5.984508991E0
1.976164837E2,5.205587458E1,4.348559860E0,1.434127330E1,6.960000038E0,2.752000122E2,1.092018318E1,5.926010132E0
1.986164009E2,5.205588931E1,4.348544090E0,1.326803942E1,2.009999990E0,2.903999939E2,1.096626949E1,5.892013073E0
1.996164211E2,5.205590975E1,4.348583950E0,1.286800884E1,2.400000095E0,5.659999847E1,1.094927406E1,5.778120995E0
2.006164145E2,5.205590408E1,4.348662420E0,1.280067366E1,4.409999847E0,6.079999924E1,1.088326168E1,5.837376595E0
2.016164221E2,5.205592023E1,4.348692820E0,1.303350433E1,3.109999895E0,5.329999924E1,1.121214676E1,6.054632664E0
2.026164274E2,5.205592101E1,4.348712800E0,1.338959849E1,1.450000048E0,5.940000153E1,1.158950138E1,6.615024090E0
2.036164971E2,5.205589422E1,4.348745910E0,1.290655426E1,2.049999952E0,1.513999939E2,1.132400036E1,6.502592564E0
2.046165875E2,5.205586725E1,4.348767080E0,1.340842573E1,1.929999948E0,1.513000031E2,1.125632954E1,6.643488407E0
2.056167784E2,5.205584326E1,4.348780660E0,1.368654091E1,1.720000029E0,1.518999939E2,1.131692410E1,6.615520000E0
2.066158543E2,5.205581961E1,4.348788110E0,1.247930067E1,1.980000019E0,2.756000061E2,1.161337757E1,6.618864059E0
2.076161748E2,5.205581110E1,4.348781510E0,1.133286150E1,1.990000010E0,2.778999939E2,1.174731827E1,6.541982651E0
2.086164588E2,5.205580591E1,4.348790190E0,1.004251652E1,4.300000072E-1,2.772999878E2,1.101030159E1,6.272894382E0
2.096164610E2,5.205580232E1,4.348803350E0,8.136087933E0,3.700000048E-1,2.772999878E2,1.099645710E1,6.157505035E0
2.106164652E2,5.205579943E1,4.348816400E0,8.511215362E0,0.000000000E0,NaN,1.075500774E1,5.907391548E0
2.116168088E2,5.205580628E1,4.348837220E0,8.942025124E0,0.000000000E0,NaN,1.047305393E1,5.899938107E0
2.126162760E2,5.205580345E1,4.348848090E0,9.430859598E0,0.000000000E0,NaN,1.032975674E1,5.473820210E0
2.136165873E2,5.205580512E1,4.348846560E0,9.739515506E0,0.000000000E0,NaN,1.039649487E1,5.284369946E0
2.146159910E2,5.205580983E1,4.348847210E0,9.742085636E0,0.000000000E0,NaN,1.034887505E1,4.925497532E0
2.156161427E2,5.205581728E1,4.348839300E0,8.050134318E0,0.000000000E0,NaN,9.935046196E0,4.183460712E0
2.166162757E2,5.205581864E1,4.348837570E0,7.983179326E0,0.000000000E0,NaN,9.935046196E0,3.893911123E0
2.176168260E2,5.205582631E1,4.348834380E0,7.133699873E0,0.000000000E0,NaN,9.935046196E0,3.409290791E0
2.186160141E2,5.205582675E1,4.348839010E0,6.256689543E0,0.000000000E0,NaN,9.935046196E0,3.155426979E0
2.196165786E2,5.205582475E1,4.348840400E0,7.346043356E0,0.000000000E0,NaN,9.935046196E0,2.911082745E0
2.206164723E2,5.205582659E1,4.348836850E0,6.758457835E0,0.000000000E0,NaN,9.935046196E0,2.774556875E0
2.216164756E2,5.205582792E1,4.348833540E0,6.881504136E0,0.000000000E0,NaN,3.790092468E0,2.617990494E0
2.226164706E2,5.205582717E1,4.348834820E0,6.428134908E0,0.000000000E0,NaN,3.790092468E0,2.500000000E0
2.236165846E2,5.205582713E1,4.348835190E0,6.406528669E0,0.000000000E0,NaN,3.790092468E0,2.535442829E0
2.246159751E2,5.205582922E1,4.348837920E0,5.807717418E0,0.000000000E0,NaN,3.790092468E0,2.500000000E0
2.256159976E2,5.205582935E1,4.348839680E0,5.469034742E0,0.000000000E0,NaN,3.790092468E0,2.500000000E0
