"Time (s)","Latitude (°)","Longitude (°)","Height (m)","Velocity (m/s)","Direction (°)","Horizontal Accuracy (m)","Vertical Accuracy (°)"
9.198904037E-3,5.205582122E1,4.348640546E0,1.053524399E1,0.000000000E0,NaN,3.810323117E0,4.000000000E0
4.074299335E-2,5.205581981E1,4.348644389E0,1.472912487E1,NaN,NaN,2.670756967E1,7.682975293E0
2.409389019E-1,5.205589790E1,4.348598270E0,1.473506656E1,NaN,NaN,2.449352029E1,7.806613163E0
6.646600962E-1,5.205585109E1,4.348621671E0,1.144149399E1,4.199999869E-1,2.770312500E2,1.284253904E1,8.000000000E0
2.010695100E0,5.205585313E1,4.348626970E0,9.017299652E0,1.500000060E-1,NaN,1.313624552E1,6.000000000E0
3.010734916E0,5.205583410E1,4.348643548E0,1.138674545E1,2.399999946E-1,NaN,1.399770628E1,6.000000000E0
4.010772586E0,5.205582907E1,4.348648339E0,9.223537445E0,0.000000000E0,NaN,3.791921691E0,6.000000000E0
5.010806799E0,5.205582801E1,4.348648429E0,1.003658676E1,2.599999905E-1,2.179687500E2,6.906306249E0,6.000000000E0
6.010838270E0,5.205582648E1,4.348646255E0,9.319057465E0,3.799999952E-1,3.237890625E2,7.702915135E0,4.000000000E0
7.010824323E0,5.205582650E1,4.348647020E0,6.787807465E0,2.700000107E-1,3.332812500E2,3.329695088E0,4.000000000E0
8.010862350E0,5.205582653E1,4.348646623E0,6.116176605E0,0.000000000E0,NaN,3.442639496E0,4.000000000E0
9.010904193E0,5.205582674E1,4.348647139E0,5.725795746E0,4.399999976E-1,2.812500000E0,5.570039664E0,4.000000000E0
1.001094079E1,5.205582981E1,4.348647786E0,5.853542328E0,0.000000000E0,NaN,6.106662923E0,4.000000000E0
1.101097500E1,5.205582578E1,4.348654579E0,6.285610199E0,0.000000000E0,1.476562500E1,3.535533906E0,4.000000000E0
1.201101410E1,5.205582356E1,4.348656256E0,6.314296722E0,0.000000000E0,3.505078125E2,3.535533906E0,4.000000000E0
1.301104772E1,5.205582046E1,4.348656759E0,7.504177094E0,0.000000000E0,8.437500000E0,3.535533906E0,4.000000000E0
1.401107728E1,5.205582046E1,4.348656759E0,7.504177161E0,0.000000000E0,NaN,4.748651530E0,5.372485918E0
1.501111507E1,5.205582046E1,4.348656759E0,7.504177161E0,0.000000000E0,3.360937529E2,4.748651530E0,5.372485918E0
1.601114357E1,5.205582046E1,4.348656759E0,7.504177161E0,0.000000000E0,NaN,4.748651530E0,5.372485918E0
1.701117539E1,5.205582046E1,4.348656759E0,7.504177161E0,0.000000000E0,NaN,4.748651530E0,5.372485918E0
1.801121354E1,5.205582046E1,4.348656759E0,7.504177161E0,0.000000000E0,NaN,4.748651530E0,5.372485918E0
1.901124096E1,5.205582046E1,4.348656759E0,7.504177161E0,0.000000000E0,NaN,4.748651530E0,4.029364438E0
2.001126444E1,5.205582046E1,4.348656758E0,7.504177161E0,0.000000000E0,NaN,4.748498325E0,4.029364438E0
2.101129556E1,5.205582046E1,4.348656758E0,7.504177161E0,0.000000000E0,NaN,8.008277588E0,4.029364438E0
2.201132691E1,5.205582046E1,4.348656758E0,7.504177161E0,0.000000000E0,NaN,8.008233570E0,4.029364438E0
2.301135504E1,5.205582046E1,4.348656759E0,7.504177161E0,0.000000000E0,NaN,4.987294642E0,4.029364438E0
2.401138246E1,5.205580350E1,4.348639817E0,1.020437247E1,0.000000000E0,NaN,4.831847156E0,4.029364438E0
2.501140690E1,5.205580378E1,4.348640001E0,1.020437247E1,0.000000000E0,NaN,4.437027713E0,4.029364438E0
2.601142979E1,5.205580397E1,4.348640122E0,1.020437247E1,0.000000000E0,NaN,4.109431367E0,4.029364438E0
2.701145065E1,5.205580399E1,4.348640134E0,1.020437247E1,0.000000000E0,NaN,4.817564632E0,4.029364438E0
2.801147127E1,5.205580238E1,4.348638433E0,1.163845450E1,0.000000000E0,NaN,3.863672576E0,4.029364438E0
2.901148951E1,5.205580157E1,4.348637579E0,1.163845450E1,0.000000000E0,NaN,4.708552068E0,4.029364438E0
3.001150656E1,5.205580156E1,4.348637564E0,1.163845450E1,0.000000000E0,NaN,4.733773867E0,4.029364438E0
3.101152265E1,5.205580156E1,4.348637564E0,1.163845450E1,0.000000000E0,NaN,4.733774854E0,4.029364438E0
3.201153743E1,5.205580156E1,4.348637564E0,1.163845450E1,0.000000000E0,NaN,1.056216422E1,4.029364438E0
3.301155007E1,5.205580129E1,4.348638205E0,1.163845450E1,0.000000000E0,NaN,1.056175657E1,4.029364438E0
3.401156342E1,5.205580143E1,4.348637875E0,1.163845450E1,0.000000000E0,NaN,7.356536625E0,5.668485158E0
3.501157439E1,5.205580145E1,4.348637817E0,1.163845450E1,0.000000000E0,NaN,6.636358850E0,4.842362564E0
3.601158428E1,5.205580146E1,4.348637807E0,1.163845450E1,0.000000000E0,NaN,6.498471803E0,5.066869947E0
3.701159453E1,5.205580149E1,4.348637731E0,1.163845450E1,0.000000000E0,NaN,5.425493283E0,5.750493948E0
3.801160312E1,5.205580069E1,4.348636686E0,1.316137664E0,0.000000000E0,NaN,4.969759041E0,7.479838418E0
3.901161170E1,5.205580012E1,4.348635944E0,1.316137664E0,0.000000000E0,NaN,4.618796279E0,7.701277577E0
4.001161921E1,5.205579976E1,4.348635478E0,1.316137664E0,0.000000000E0,NaN,4.383792569E0,8.684340895E0
4.101162624E1,5.205579974E1,4.348635456E0,1.316137664E0,0.000000000E0,NaN,4.372614272E0,8.575151540E0
4.201163244E1,5.205579866E1,4.348635316E0,1.316137664E0,0.000000000E0,NaN,4.333864485E0,8.876639000E0
4.301163757E1,5.205579848E1,4.348634977E0,1.316137664E0,0.000000000E0,2.728085957E2,4.151767574E0,9.172582742E0
4.401164210E1,5.205579833E1,4.348634696E0,1.316137664E0,0.000000000E0,3.232344246E2,3.994720349E0,9.328203040E0
4.501164711E1,5.205579821E1,4.348634468E0,1.316137664E0,0.000000000E0,NaN,3.884298007E0,9.697296695E0
4.601165080E1,5.205579821E1,4.348634463E0,1.316137664E0,0.000000000E0,NaN,3.915242521E0,9.808933539E0
4.701165402E1,5.205579820E1,4.348634444E0,1.316137664E0,0.000000000E0,NaN,3.945368571E0,9.567681338E0
4.801165807E1,5.205579820E1,4.348634443E0,1.316137664E0,0.000000000E0,NaN,3.947196979E0,9.807174909E0
4.901166070E1,5.205579819E1,4.348634438E0,1.316137664E0,0.000000000E0,NaN,3.944504069E0,9.779767054E0
5.001166332E1,5.205579809E1,4.348634231E0,1.316137664E0,0.000000000E0,NaN,3.814543231E0,1.004329925E1
5.101166439E1,5.205579808E1,4.348634228E0,1.316137664E0,0.000000000E0,NaN,3.812777845E0,1.000867212E1
5.201166689E1,5.205579808E1,4.348634228E0,1.316137664E0,0.000000000E0,NaN,3.812791339E0,1.002599044E1
5.301166856E1,5.205579808E1,4.348634224E0,1.316137664E0,0.000000000E0,NaN,3.809803267E0,9.811648209E0
5.401167011E1,5.205579808E1,4.348634218E0,1.316137664E0,0.000000000E0,NaN,3.842616714E0,9.976669010E0
5.501166928E1,5.205579808E1,4.348634215E0,1.316137664E0,0.000000000E0,NaN,3.866521340E0,9.949392953E0
5.601167035E1,5.205579798E1,4.348634025E0,1.316137664E0,0.000000000E0,NaN,3.740516035E0,1.000032178E1
5.701167178E1,5.205579789E1,4.348633866E0,1.316137664E0,0.000000000E0,NaN,3.632262421E0,1.031429032E1
5.801167107E1,5.205579789E1,4.348633864E0,1.316137664E0,0.000000000E0,NaN,3.630826234E0,1.026578191E1
5.901167047E1,5.205579789E1,4.348633856E0,1.316137664E0,0.000000000E0,NaN,3.625630085E0,1.003865634E1
6.001167071E1,5.205579781E1,4.348633710E0,1.316137664E0,0.000000000E0,NaN,3.522668506E0,1.019536154E1
6.101167071E1,5.205579781E1,4.348633705E0,1.316137664E0,0.000000000E0,NaN,3.519203632E0,9.954199037E0
6.201166964E1,5.205579774E1,4.348633572E0,1.316137664E0,0.000000000E0,NaN,3.423286932E0,9.995484710E0
6.301166928E1,5.205579768E1,4.348633457E0,1.316137664E0,0.000000000E0,NaN,3.337253951E0,1.012793355E1
6.401166844E1,5.205579767E1,4.348633454E0,1.316137664E0,0.000000000E0,NaN,3.335153856E0,9.960024670E0
6.501166713E1,5.205579767E1,4.348633451E0,1.316137664E0,0.000000000E0,NaN,3.417167634E0,1.002931638E1
6.601166558E1,5.205579767E1,4.348633442E0,1.316137664E0,0.000000000E0,3.177495355E2,3.526339398E0,9.922024022E0
6.701166451E1,5.205579769E1,4.348633271E0,1.316137664E0,0.000000000E0,3.177495355E2,3.633810067E0,9.936164581E0
6.801166332E1,5.205579772E1,4.348633251E0,1.316137664E0,0.000000000E0,3.177495355E2,3.692144223E0,9.861249663E0
6.901166141E1,5.205579777E1,4.348633196E0,1.316137664E0,0.000000000E0,3.177495355E2,3.881089587E0,9.761921780E0
7.001166058E1,5.205580038E1,4.348632064E0,1.757772317E0,7.064271011E-1,3.598414990E2,3.917252670E0,8.992189628E0
7.101165843E1,5.205579970E1,4.348633963E0,1.959775579E0,1.077550476E0,1.110600527E2,3.916646751E0,7.419450493E0
7.201165664E1,5.205581977E1,4.348636003E0,1.906989742E0,0.000000000E0,1.110600488E2,1.364846919E1,7.557839731E0
7.301165485E1,5.205581977E1,4.348636003E0,1.906989742E0,0.000000000E0,1.110600488E2,1.366156867E1,7.759397413E0
7.401165307E1,5.205581977E1,4.348636003E0,1.906989742E0,0.000000000E0,1.110600488E2,1.331392279E1,7.676725144E0
7.501165009E1,5.205581977E1,4.348636003E0,1.906989742E0,0.000000000E0,1.110600488E2,1.323042125E1,7.871211998E0
7.601164865E1,5.205587282E1,4.348715353E0,2.684480590E0,1.251385913E0,7.786121139E1,1.325669846E1,8.027996131E0
7.701164627E1,5.205587204E1,4.348709264E0,2.566136891E0,0.000000000E0,7.780482573E1,1.240500226E1,7.671747506E0
7.801164353E1,5.205587204E1,4.348709264E0,2.566136891E0,0.000000000E0,7.780482573E1,1.242785034E1,8.066366163E0
7.901164162E1,5.205585552E1,4.348785244E0,2.473114343E0,1.601701990E0,1.358719529E2,1.185965542E1,7.178809522E0
8.001163900E1,5.205585272E1,4.348790173E0,2.402630426E0,0.000000000E0,1.523330600E2,1.148146382E1,6.588560498E0
8.101163685E1,5.205583521E1,4.348797718E0,2.507543280E0,0.000000000E0,1.715928369E2,1.105417405E1,6.852512021E0
8.201163340E1,5.205583521E1,4.348797718E0,2.507543280E0,0.000000000E0,1.715928369E2,1.088628826E1,7.116452101E0
8.301163197E1,5.205580839E1,4.348791504E0,2.247441935E0,0.000000000E0,2.144789453E2,1.054061668E1,6.364116811E0
8.401162982E1,5.205578523E1,4.348742760E0,1.952717905E0,2.076153217E0,2.355763005E2,1.076617908E1,6.694831988E0
8.501162684E1,5.205578983E1,4.348753651E0,1.948366512E0,0.000000000E0,2.355763091E2,1.059571880E1,6.715840221E0
8.601162326E1,5.205579503E1,4.348673789E0,2.011538621E0,2.317435312E0,2.840140290E2,1.071338713E1,6.742287265E0
8.701162076E1,5.205581183E1,4.348646040E0,2.049682308E0,2.536467262E0,3.083141558E2,1.045715288E1,6.606798141E0
8.801161849E1,5.205583360E1,4.348636663E0,2.121732128E0,2.571930526E0,3.365474801E2,1.043292836E1,6.758244902E0
8.901161623E1,5.205586180E1,4.348654076E0,2.340063581E0,2.807740852E0,9.970510413E0,1.047371328E1,6.560875463E0
9.001161337E1,5.205588101E1,4.348687430E0,2.453411449E0,2.849366013E0,3.461382220E1,1.076647923E1,5.752340323E0
9.101161051E1,5.205587530E1,4.348731594E0,2.560279217E0,2.676807639E0,7.961885933E1,1.068093643E1,5.449518325E0
9.201160789E1,5.205585378E1,4.348755423E0,3.122457244E0,2.664473879E0,1.263996415E2,1.082559816E1,5.344509532E0
9.301160514E1,5.205581466E1,4.348746740E0,3.238425076E0,2.738555429E0,1.809101542E2,1.080080623E1,7.142023865E0
9.401160169E1,5.205580823E1,4.348626371E0,2.427035142E0,4.309457255E0,2.495234652E2,1.081351807E1,6.825933502E0
9.501159894E1,5.205577582E1,4.348609248E0,2.631663213E0,3.104889364E0,2.330768440E2,1.062220667E1,6.430070964E0
9.601159656E1,5.205582899E1,4.348652338E0,3.121369241E0,1.975537613E0,1.029363740E1,1.046793954E1,7.137561414E0
9.701159394E1,5.205591228E1,4.348700957E0,2.667418220E0,6.148889177E0,1.667569081E1,1.046793987E1,7.135688494E0
9.801159048E1,5.205595345E1,4.348736715E0,2.404397189E0,5.486252950E0,1.880772096E1,1.029284015E1,6.482033551E0
9.901158786E1,5.205593861E1,4.348653085E0,1.645901700E0,2.440346857E0,2.890580523E2,8.941641512E0,5.110032517E0
1.000115844E2,5.205585642E1,4.348722532E0,3.360205230E0,4.517151345E0,1.761919385E2,8.161603177E0,5.307013503E0
1.010115812E2,5.205576374E1,4.348748661E0,2.433937597E0,7.309095146E0,1.712625371E2,7.913666518E0,5.207759073E0
1.020115784E2,5.205573090E1,4.348765949E0,1.566125007E0,4.988367919E0,1.702626025E2,7.112942724E0,4.462521140E0
1.030115761E2,5.205577563E1,4.348756691E0,1.840378823E0,4.472311506E-1,2.749226092E2,7.395673950E0,4.968878410E0
1.040115730E2,5.205586311E1,4.348648113E0,2.182264245E0,6.592881994E0,3.190627497E2,7.763217955E0,5.361682918E0
1.050115687E2,5.205589728E1,4.348569907E0,2.018313429E0,6.489440075E0,3.110634062E2,9.691283564E0,6.746923054E0
1.060115659E2,5.205588804E1,4.348584978E0,1.613246443E0,1.754025754E0,3.040058531E2,9.564405668E0,6.873154474E0
1.070115634E2,5.205585299E1,4.348688784E0,1.831655359E0,3.463927704E0,1.155826753E2,9.459928332E0,6.954081624E0
1.080115609E2,5.205583298E1,4.348841593E0,8.106557224E-1,7.079090012E0,1.052814016E2,8.820280139E0,6.162090629E0
1.090115576E2,5.205582891E1,4.348920735E0,1.759747911E0,5.899943117E0,1.008023546E2,8.165228048E0,5.668802158E0
1.100115539E2,5.205583651E1,4.348837960E0,1.953825939E0,6.063433670E-1,2.456472994E2,8.138217379E0,5.649299968E0
1.110115510E2,5.205580920E1,4.348683354E0,1.570933912E0,6.214813965E0,2.523182350E2,7.907492625E0,5.677601034E0
1.120115488E2,5.205578358E1,4.348573536E0,2.107782666E0,7.105375370E0,2.499330523E2,7.393233434E0,5.218361268E0
1.130115446E2,5.205577263E1,4.348573062E0,2.982036689E0,3.331467273E0,2.441003286E2,8.241744675E0,5.457801647E0
1.140115417E2,5.205583706E1,4.348680240E0,1.780212061E0,3.792226980E0,3.656373686E1,8.827801652E0,6.327292669E0
1.150115386E2,5.205592936E1,4.348747611E0,1.126988175E0,7.793360187E0,2.553070497E1,1.010653752E1,7.116089644E0
1.160115355E2,5.205597663E1,4.348771283E0,4.100846286E0,6.091113113E0,2.032956065E1,9.641281321E0,6.611807747E0
1.170115330E2,5.205593906E1,4.348752972E0,3.988353689E0,4.071577408E-1,7.406152821E1,9.143087407E0,6.727911684E0
1.180115300E2,5.205585844E1,4.348793632E0,1.191592569E0,4.891181006E0,1.593532637E2,9.210811137E0,6.468979546E0
1.190115267E2,5.205575737E1,4.348883542E0,2.992102380E0,8.020651222E0,1.514811924E2,9.632341939E0,5.844962804E0
1.200115235E2,5.205574029E1,4.348832235E0,6.234429774E0,3.799685511E0,1.799061065E2,9.642478350E0,5.536339255E0
1.210115207E2,5.205579894E1,4.348777945E0,2.043430443E0,3.003722536E0,2.913749824E2,8.765418897E0,5.967448847E0
1.220115172E2,5.205583767E1,4.348608415E0,6.849190379E-1,8.103433343E0,2.911699748E2,8.761623816E0,5.936546391E0
1.230115137E2,5.205585658E1,4.348524300E0,7.017871276E0,6.614684854E0,2.912124943E2,9.548895979E0,5.883582153E0
1.240115117E2,5.205585847E1,4.348593095E0,6.072473712E0,1.425668845E0,3.473474976E2,9.165849703E0,5.586291946E0
1.250115082E2,5.205589235E1,4.348716854E0,-2.016954171E-1,5.445050345E0,5.543086688E1,8.608379982E0,5.818182546E0
1.260115054E2,5.205596231E1,4.348827977E0,4.472427774E0,7.920738345E0,4.738338248E1,9.187283477E0,5.891044932E0
1.270115019E2,5.205595718E1,4.348860005E0,8.615118670E0,3.757357013E0,5.393704679E1,8.426180607E0,5.647951622E0
1.280114990E2,5.205590518E1,4.348822357E0,2.351072066E0,2.136526614E0,1.796446153E2,7.724642866E0,5.307100736E0
1.290114954E2,5.205579628E1,4.348796283E0,-9.712423459E-1,7.555597140E0,1.878432746E2,9.173606985E0,6.161316428E0
1.300114919E2,5.205576154E1,4.348778824E0,3.780496116E0,5.205129734E0,1.921731727E2,9.383737335E0,5.758891884E0
1.310114886E2,5.205577411E1,4.348767810E0,3.925868823E0,1.023186639E0,2.199863838E2,8.939023329E0,5.728780602E0
1.320114861E2,5.205583773E1,4.348699674E0,-1.471048597E0,4.344335044E0,3.225982281E2,9.829203933E0,6.644638066E0
1.330097548E2,5.205591412E1,4.348604461E0,-2.381346794E-1,7.433495600E0,3.249020027E2,9.224876814E0,5.834619098E0
1.340097368E2,5.205591309E1,4.348595193E0,3.622044859E0,3.324651940E0,3.192440137E2,9.255003699E0,6.284499943E0
1.350097631E2,5.205590234E1,4.348675571E0,5.526598198E-1,2.061624796E0,8.575842915E1,9.101089598E0,6.423658211E0
1.360097647E2,5.205587254E1,4.348842789E0,-2.505923172E0,7.412124701E0,1.029802816E2,9.056341264E0,6.566469361E0
1.370097734E2,5.205585247E1,4.348942488E0,3.430599758E0,6.801465992E0,1.074269777E2,9.183796917E0,5.580023757E0
1.380098226E2,5.205581591E1,4.348873850E0,2.631684942E0,2.194662802E0,1.640519577E2,8.716136130E0,6.532726835E0
1.390098444E2,5.205579483E1,4.348766055E0,-2.904035048E0,4.518927222E0,2.425147514E2,8.825286813E0,6.080145255E0
1.400098675E2,5.205576007E1,4.348573386E0,-1.061408129E0,8.728748788E0,2.539749234E2,8.825287037E0,6.203200735E0
1.410099250E2,5.205574773E1,4.348573433E0,6.118141587E0,3.909008487E0,2.452205625E2,8.825286787E0,5.810863984E0
1.420099478E2,5.205579676E1,4.348631417E0,1.398240093E0,1.612467802E0,2.622915527E1,8.422591718E0,5.756404653E0
1.430099794E2,5.205589184E1,4.348718985E0,-2.161469921E0,6.889789947E0,3.127436302E1,7.025929337E0,4.734447204E0
1.440100428E2,5.205593971E1,4.348780683E0,4.119695234E0,5.980400861E0,3.604336321E1,8.559605866E0,4.959692324E0
1.450100670E2,5.205592790E1,4.348808525E0,5.683241563E0,2.235955982E0,5.646712379E1,7.372075836E0,4.767027252E0
1.460100986E2,5.205587611E1,4.348811126E0,1.147047447E0,2.592379927E0,1.622633808E2,7.551142537E0,5.133411729E0
1.470101637E2,5.205576820E1,4.348845018E0,3.116804011E0,6.890546029E0,1.708557565E2,8.211423768E0,4.813217395E0
1.480102236E2,5.205573548E1,4.348824602E0,6.746936577E0,4.195461675E0,1.752352823E2,1.104887262E1,6.748253055E0
1.490102800E2,5.205576171E1,4.348807465E0,1.971249448E0,1.402806675E0,NaN,1.062642610E1,6.219258737E0
1.500103343E2,5.205585000E1,4.348686380E0,-7.259785747E-1,6.266438125E0,3.257447154E2,9.676964870E0,6.497140674E0
1.510103834E2,5.205590175E1,4.348585165E0,6.074732124E0,6.722234693E0,3.189218436E2,9.550966263E0,6.083775862E0
1.520104306E2,5.205591066E1,4.348609942E0,6.829442372E0,2.238059678E0,3.378197211E2,8.610248174E0,5.819092182E0
1.530104754E2,5.205588221E1,4.348710547E0,-7.794992030E-1,3.469426560E0,1.017988259E2,8.808810809E0,5.823627055E0
1.540105174E2,5.205584543E1,4.348913565E0,-1.224043521E0,8.938783716E0,1.071440074E2,9.088535684E0,5.360442866E0
1.550105572E2,5.205585383E1,4.348926588E0,4.199337115E0,4.276689307E0,9.953990196E1,9.072470949E0,5.787138272E0
1.560105940E2,5.205581989E1,4.348867743E0,6.022993010E-1,2.028467004E0,2.018251362E2,8.143634555E0,5.459327448E0
1.570106286E2,5.205577636E1,4.348702778E0,-4.012839468E0,7.090986028E0,2.431441298E2,8.004574427E0,5.490744260E0
1.580106615E2,5.205575487E1,4.348566065E0,2.644090746E-1,8.046660364E0,2.518584152E2,8.425294293E0,5.586857859E0
1.590106924E2,5.205576705E1,4.348568343E0,4.643533134E0,3.363908849E0,2.579803729E2,8.257800387E0,5.615483044E0
1.600107219E2,5.205581770E1,4.348635376E0,-1.822933476E0,2.546616094E0,2.037136095E1,8.641271354E0,5.949642117E0
1.610107489E2,5.205593613E1,4.348730197E0,-3.359776068E0,8.178430684E0,2.534291421E1,9.763708155E0,6.547236109E0
1.620107756E2,5.205595399E1,4.348765293E0,2.903954043E0,4.779331261E0,2.977273189E1,1.014087217E1,6.519051682E0
1.630108010E2,5.205592199E1,4.348772718E0,1.178797930E0,8.483910832E-1,1.172910598E2,9.258220744E0,5.768878747E0
1.640108236E2,5.205581481E1,4.348778714E0,-3.233930361E0,5.838450232E0,1.755800298E2,1.006428202E1,6.411769745E0
1.650108451E2,5.205571352E1,4.348803264E0,1.907795371E0,7.797947771E0,1.734243188E2,1.146987833E1,7.358577631E0
1.660108658E2,5.205570103E1,4.348743100E0,4.398015729E0,3.908274013E0,1.977151146E2,1.118566732E1,7.302382970E0
1.670108864E2,5.205579625E1,4.348687986E0,-1.621942330E0,4.595274839E0,3.161142205E2,1.026836974E1,7.082913813E0
1.680109040E2,5.205588514E1,4.348605344E0,4.625830268E-1,7.806963531E0,3.262312229E2,9.364532235E0,6.233897021E0
1.690109221E2,5.205591008E1,4.348557853E0,4.419690468E0,5.210005850E0,3.221681218E2,1.002031055E1,6.828511475E0
1.700109388E2,5.205588013E1,4.348639837E0,4.293801049E-1,1.829594111E0,9.320784125E1,8.609266411E0,6.072220855E0
1.710109538E2,5.205584065E1,4.348789296E0,-1.947171076E0,6.767629823E0,1.120113513E2,8.260992479E0,5.745897418E0
1.720109700E2,5.205579765E1,4.348898562E0,1.173826952E0,7.358748353E0,1.195935453E2,1.113956361E1,7.427537635E0
1.730109841E2,5.205580600E1,4.348889061E0,1.271162207E0,2.458143190E0,1.246335274E2,9.227333249E0,6.428173357E0
1.740109975E2,5.205580222E1,4.348734468E0,-1.439626549E0,4.872394659E0,2.574800684E2,8.747636345E0,6.200893985E0
1.750110102E2,5.205578927E1,4.348577146E0,-1.815792580E0,8.107956575E0,2.608853183E2,9.352526763E0,6.703108857E0
1.760110233E2,5.205579990E1,4.348544463E0,3.935832661E-1,4.224191151E0,2.693739577E2,8.237727211E0,5.726272800E0
1.770110334E2,5.205582387E1,4.348614105E0,-8.617289988E-1,1.698037462E0,3.307125680E1,7.643426339E0,5.560122407E0
1.780110452E2,5.205587676E1,4.348747849E0,-1.718932876E0,6.235260412E0,5.481569708E1,7.539659273E0,5.436328629E0
1.790110550E2,5.205591315E1,4.348855545E0,2.759420974E-1,6.798264204E0,5.873824668E1,1.010722883E1,6.829692688E0
1.800110648E2,5.205590664E1,4.348842656E0,-8.141709426E-1,2.043261910E0,6.366842900E1,9.907925487E0,7.270020051E0
1.810110756E2,5.205584612E1,4.348760076E0,6.305166837E-1,3.856184376E0,2.173176827E2,9.758984829E0,7.309428817E0
1.820110847E2,5.205577890E1,4.348687485E0,8.037747620E-1,6.432458197E0,2.153187230E2,9.884791484E0,6.911989573E0
1.830110931E2,5.205573368E1,4.348644982E0,-1.428662743E-1,5.299992112E0,2.134696418E2,9.967604287E0,6.347598317E0
1.840111016E2,5.205577709E1,4.348685088E0,-5.573808970E-1,3.506169230E-1,3.382737643E2,8.821118833E0,6.209678121E0
1.850111095E2,5.205588245E1,4.348719253E0,4.625001280E-1,6.078467745E0,1.013788370E1,8.729068156E0,6.202028140E0
1.860111175E2,5.205593545E1,4.348730303E0,1.468232176E0,5.863246938E0,8.873409219E0,9.980786029E0,6.855269438E0
1.870111240E2,5.205593266E1,4.348715902E0,5.412869789E-1,2.128812812E0,3.573472079E2,1.029855217E1,7.142015163E0
1.880111314E2,5.205591421E1,4.348724044E0,9.101748131E-1,1.897018430E-1,9.991827722E0,1.029822595E1,7.596413449E0
1.890111393E2,5.205589155E1,4.348743539E0,2.335555410E0,9.899135447E-1,1.236936858E2,1.024475395E1,7.226050293E0
1.900111454E2,5.205586435E1,4.348750214E0,2.184002756E0,1.584096436E0,1.567510220E2,1.091830699E1,7.817999316E0
1.910111517E2,5.205586632E1,4.348760757E0,2.138158624E0,7.823509367E-1,1.301204620E2,1.138613182E1,8.278609331E0
1.920111579E2,5.205587100E1,4.348745584E0,2.036945103E0,7.476569757E-2,1.142417073E2,1.166852410E1,8.103732701E0
1.930111642E2,5.205586664E1,4.348737884E0,2.450851582E0,2.517955954E-1,1.142417006E2,1.211870623E1,7.349829990E0
1.940111699E2,5.205586924E1,4.348753133E0,1.437854034E0,5.676927674E-1,1.125075251E2,1.191896884E1,8.361689867E0
1.950111752E2,5.205586532E1,4.348751631E0,1.398523373E0,2.575114494E-1,1.269256161E2,1.209758900E1,8.660448304E0
1.960111808E2,5.205586607E1,4.348750027E0,1.450409869E0,0.000000000E0,1.269256149E2,1.315900390E1,9.428740561E0
1.970111856E2,5.205586607E1,4.348750027E0,1.450409869E0,0.000000000E0,1.269256149E2,1.329267514E1,9.716852975E0
1.980111909E2,5.205586607E1,4.348750027E0,1.450409869E0,0.000000000E0,1.269256149E2,1.342013055E1,1.010792074E1